POIid,Name,Location
1,HOPU,38.077032,-1.271243
2,ITESMcem,19.5950009,-99.2276401